image_id,label
200001.jpg,blast
200002.jpg,blast
200003.jpg,blast
200004.jpg,blast
200005.jpg,blast
200006.jpg,blast
200007.jpg,blast
200008.jpg,blast
200009.jpg,blast
200010.jpg,blast
200011.jpg,blast
200012.jpg,blast
200013.jpg,blast
200014.jpg,blast
200015.jpg,blast
200016.jpg,blast
200017.jpg,blast
200018.jpg,blast
200019.jpg,blast
200020.jpg,blast
200021.jpg,blast
200022.jpg,blast
200023.jpg,blast
200024.jpg,blast
200025.jpg,blast
200026.jpg,blast
200027.jpg,blast
200028.jpg,blast
200029.jpg,blast
200030.jpg,blast
200031.jpg,blast
200032.jpg,blast
200033.jpg,blast
200034.jpg,blast
200035.jpg,blast
200036.jpg,blast
200037.jpg,blast
200038.jpg,blast
200039.jpg,blast
200040.jpg,blast
200041.jpg,blast
200042.jpg,blast
200043.jpg,blast
200044.jpg,blast
200045.jpg,blast
200046.jpg,blast
200047.jpg,blast
200048.jpg,blast
200049.jpg,blast
200050.jpg,blast
200051.jpg,blast
200052.jpg,blast
200053.jpg,blast
200054.jpg,blast
200055.jpg,blast
200056.jpg,blast
200057.jpg,blast
200058.jpg,blast
200059.jpg,blast
200060.jpg,blast
200061.jpg,blast
200062.jpg,blast
200063.jpg,blast
200064.jpg,blast
200065.jpg,blast
200066.jpg,blast
200067.jpg,blast
200068.jpg,blast
200069.jpg,blast
200070.jpg,blast
200071.jpg,blast
200072.jpg,blast
200073.jpg,blast
200074.jpg,blast
200075.jpg,blast
200076.jpg,blast
200077.jpg,blast
200078.jpg,blast
200079.jpg,blast
200080.jpg,blast
200081.jpg,blast
200082.jpg,blast
200083.jpg,blast
200084.jpg,blast
200085.jpg,blast
200086.jpg,blast
200087.jpg,blast
200088.jpg,blast
200089.jpg,blast
200090.jpg,blast
200091.jpg,blast
200092.jpg,blast
200093.jpg,blast
200094.jpg,blast
200095.jpg,blast
200096.jpg,blast
200097.jpg,blast
200098.jpg,blast
200099.jpg,blast
200100.jpg,blast
200101.jpg,blast
200102.jpg,blast
200103.jpg,blast
200104.jpg,blast
200105.jpg,blast
200106.jpg,blast
200107.jpg,blast
200108.jpg,blast
200109.jpg,blast
200110.jpg,blast
200111.jpg,blast
200112.jpg,blast
200113.jpg,blast
200114.jpg,blast
200115.jpg,blast
200116.jpg,blast
200117.jpg,blast
200118.jpg,blast
200119.jpg,blast
200120.jpg,blast
200121.jpg,blast
200122.jpg,blast
200123.jpg,blast
200124.jpg,blast
200125.jpg,blast
200126.jpg,blast
200127.jpg,blast
200128.jpg,blast
200129.jpg,blast
200130.jpg,blast
200131.jpg,blast
200132.jpg,blast
200133.jpg,blast
200134.jpg,blast
200135.jpg,blast
200136.jpg,blast
200137.jpg,blast
200138.jpg,blast
200139.jpg,blast
200140.jpg,blast
200141.jpg,blast
200142.jpg,blast
200143.jpg,blast
200144.jpg,blast
200145.jpg,blast
200146.jpg,blast
200147.jpg,blast
200148.jpg,blast
200149.jpg,blast
200150.jpg,blast
200151.jpg,blast
200152.jpg,blast
200153.jpg,blast
200154.jpg,blast
200155.jpg,blast
200156.jpg,blast
200157.jpg,blast
200158.jpg,blast
200159.jpg,blast
200160.jpg,blast
200161.jpg,blast
200162.jpg,blast
200163.jpg,blast
200164.jpg,blast
200165.jpg,blast
200166.jpg,blast
200167.jpg,blast
200168.jpg,blast
200169.jpg,blast
200170.jpg,blast
200171.jpg,blast
200172.jpg,blast
200173.jpg,blast
200174.jpg,blast
200175.jpg,blast
200176.jpg,blast
200177.jpg,blast
200178.jpg,blast
200179.jpg,blast
200180.jpg,blast
200181.jpg,blast
200182.jpg,blast
200183.jpg,blast
200184.jpg,blast
200185.jpg,blast
200186.jpg,blast
200187.jpg,blast
200188.jpg,blast
200189.jpg,blast
200190.jpg,blast
200191.jpg,blast
200192.jpg,blast
200193.jpg,blast
200194.jpg,blast
200195.jpg,blast
200196.jpg,blast
200197.jpg,blast
200198.jpg,blast
200199.jpg,blast
200200.jpg,blast
200201.jpg,blast
200202.jpg,blast
200203.jpg,blast
200204.jpg,blast
200205.jpg,blast
200206.jpg,blast
200207.jpg,blast
200208.jpg,blast
200209.jpg,blast
200210.jpg,blast
200211.jpg,blast
200212.jpg,blast
200213.jpg,blast
200214.jpg,blast
200215.jpg,blast
200216.jpg,blast
200217.jpg,blast
200218.jpg,blast
200219.jpg,blast
200220.jpg,blast
200221.jpg,blast
200222.jpg,blast
200223.jpg,blast
200224.jpg,blast
200225.jpg,blast
200226.jpg,blast
200227.jpg,blast
200228.jpg,blast
200229.jpg,blast
200230.jpg,blast
200231.jpg,blast
200232.jpg,blast
200233.jpg,blast
200234.jpg,blast
200235.jpg,blast
200236.jpg,blast
200237.jpg,blast
200238.jpg,blast
200239.jpg,blast
200240.jpg,blast
200241.jpg,blast
200242.jpg,blast
200243.jpg,blast
200244.jpg,blast
200245.jpg,blast
200246.jpg,blast
200247.jpg,blast
200248.jpg,blast
200249.jpg,blast
200250.jpg,blast
200251.jpg,blast
200252.jpg,blast
200253.jpg,blast
200254.jpg,blast
200255.jpg,blast
200256.jpg,blast
200257.jpg,blast
200258.jpg,blast
200259.jpg,blast
200260.jpg,blast
200261.jpg,blast
200262.jpg,blast
200263.jpg,blast
200264.jpg,blast
200265.jpg,blast
200266.jpg,blast
200267.jpg,blast
200268.jpg,blast
200269.jpg,blast
200270.jpg,blast
200271.jpg,blast
200272.jpg,blast
200273.jpg,blast
200274.jpg,blast
200275.jpg,blast
200276.jpg,blast
200277.jpg,blast
200278.jpg,blast
200279.jpg,blast
200280.jpg,blast
200281.jpg,blast
200282.jpg,blast
200283.jpg,blast
200284.jpg,blast
200285.jpg,blast
200286.jpg,blast
200287.jpg,blast
200288.jpg,blast
200289.jpg,blast
200290.jpg,blast
200291.jpg,blast
200292.jpg,blast
200293.jpg,blast
200294.jpg,blast
200295.jpg,blast
200296.jpg,blast
200297.jpg,blast
200298.jpg,blast
200299.jpg,blast
200300.jpg,blast
200301.jpg,blast
200302.jpg,blast
200303.jpg,blast
200304.jpg,blast
200305.jpg,blast
200306.jpg,blast
200307.jpg,blast
200308.jpg,blast
200309.jpg,blast
200310.jpg,blast
200311.jpg,blast
200312.jpg,blast
200313.jpg,blast
200314.jpg,blast
200315.jpg,blast
200316.jpg,blast
200317.jpg,blast
200318.jpg,blast
200319.jpg,blast
200320.jpg,blast
200321.jpg,blast
200322.jpg,blast
200323.jpg,blast
200324.jpg,blast
200325.jpg,blast
200326.jpg,blast
200327.jpg,blast
200328.jpg,blast
200329.jpg,blast
200330.jpg,blast
200331.jpg,blast
200332.jpg,blast
200333.jpg,blast
200334.jpg,blast
200335.jpg,blast
200336.jpg,blast
200337.jpg,blast
200338.jpg,blast
200339.jpg,blast
200340.jpg,blast
200341.jpg,blast
200342.jpg,blast
200343.jpg,blast
200344.jpg,blast
200345.jpg,blast
200346.jpg,blast
200347.jpg,blast
200348.jpg,blast
200349.jpg,blast
200350.jpg,blast
200351.jpg,blast
200352.jpg,blast
200353.jpg,blast
200354.jpg,blast
200355.jpg,blast
200356.jpg,blast
200357.jpg,blast
200358.jpg,blast
200359.jpg,blast
200360.jpg,blast
200361.jpg,blast
200362.jpg,blast
200363.jpg,blast
200364.jpg,blast
200365.jpg,blast
200366.jpg,blast
200367.jpg,blast
200368.jpg,blast
200369.jpg,blast
200370.jpg,blast
200371.jpg,blast
200372.jpg,blast
200373.jpg,blast
200374.jpg,blast
200375.jpg,blast
200376.jpg,blast
200377.jpg,blast
200378.jpg,blast
200379.jpg,blast
200380.jpg,blast
200381.jpg,blast
200382.jpg,blast
200383.jpg,blast
200384.jpg,blast
200385.jpg,blast
200386.jpg,blast
200387.jpg,blast
200388.jpg,blast
200389.jpg,blast
200390.jpg,blast
200391.jpg,blast
200392.jpg,blast
200393.jpg,blast
200394.jpg,blast
200395.jpg,blast
200396.jpg,blast
200397.jpg,blast
200398.jpg,blast
200399.jpg,blast
200400.jpg,blast
200401.jpg,blast
200402.jpg,blast
200403.jpg,blast
200404.jpg,blast
200405.jpg,blast
200406.jpg,blast
200407.jpg,blast
200408.jpg,blast
200409.jpg,blast
200410.jpg,blast
200411.jpg,blast
200412.jpg,blast
200413.jpg,blast
200414.jpg,blast
200415.jpg,blast
200416.jpg,blast
200417.jpg,blast
200418.jpg,blast
200419.jpg,blast
200420.jpg,blast
200421.jpg,blast
200422.jpg,blast
200423.jpg,blast
200424.jpg,blast
200425.jpg,blast
200426.jpg,blast
200427.jpg,blast
200428.jpg,blast
200429.jpg,blast
200430.jpg,blast
200431.jpg,blast
200432.jpg,blast
200433.jpg,blast
200434.jpg,blast
200435.jpg,blast
200436.jpg,blast
200437.jpg,blast
200438.jpg,blast
200439.jpg,blast
200440.jpg,blast
200441.jpg,blast
200442.jpg,blast
200443.jpg,blast
200444.jpg,blast
200445.jpg,blast
200446.jpg,blast
200447.jpg,blast
200448.jpg,blast
200449.jpg,blast
200450.jpg,blast
200451.jpg,blast
200452.jpg,blast
200453.jpg,blast
200454.jpg,blast
200455.jpg,blast
200456.jpg,blast
200457.jpg,blast
200458.jpg,blast
200459.jpg,blast
200460.jpg,blast
200461.jpg,blast
200462.jpg,blast
200463.jpg,blast
200464.jpg,blast
200465.jpg,blast
200466.jpg,blast
200467.jpg,blast
200468.jpg,blast
200469.jpg,blast
200470.jpg,blast
200471.jpg,blast
200472.jpg,blast
200473.jpg,blast
200474.jpg,blast
200475.jpg,blast
200476.jpg,blast
200477.jpg,blast
200478.jpg,blast
200479.jpg,blast
200480.jpg,blast
200481.jpg,blast
200482.jpg,blast
200483.jpg,blast
200484.jpg,blast
200485.jpg,blast
200486.jpg,blast
200487.jpg,blast
200488.jpg,blast
200489.jpg,blast
200490.jpg,blast
200491.jpg,blast
200492.jpg,blast
200493.jpg,blast
200494.jpg,blast
200495.jpg,blast
200496.jpg,blast
200497.jpg,blast
200498.jpg,blast
200499.jpg,blast
200500.jpg,blast
200501.jpg,blast
200502.jpg,blast
200503.jpg,blast
200504.jpg,blast
200505.jpg,blast
200506.jpg,blast
200507.jpg,blast
200508.jpg,blast
200509.jpg,blast
200510.jpg,blast
200511.jpg,blast
200512.jpg,blast
200513.jpg,blast
200514.jpg,blast
200515.jpg,blast
200516.jpg,blast
200517.jpg,blast
200518.jpg,blast
200519.jpg,blast
200520.jpg,blast
200521.jpg,blast
200522.jpg,blast
200523.jpg,blast
200524.jpg,blast
200525.jpg,blast
200526.jpg,blast
200527.jpg,blast
200528.jpg,blast
200529.jpg,blast
200530.jpg,blast
200531.jpg,blast
200532.jpg,blast
200533.jpg,blast
200534.jpg,blast
200535.jpg,blast
200536.jpg,blast
200537.jpg,blast
200538.jpg,blast
200539.jpg,blast
200540.jpg,blast
200541.jpg,blast
200542.jpg,blast
200543.jpg,blast
200544.jpg,blast
200545.jpg,blast
200546.jpg,blast
200547.jpg,blast
200548.jpg,blast
200549.jpg,blast
200550.jpg,blast
200551.jpg,blast
200552.jpg,blast
200553.jpg,blast
200554.jpg,blast
200555.jpg,blast
200556.jpg,blast
200557.jpg,blast
200558.jpg,blast
200559.jpg,blast
200560.jpg,blast
200561.jpg,blast
200562.jpg,blast
200563.jpg,blast
200564.jpg,blast
200565.jpg,blast
200566.jpg,blast
200567.jpg,blast
200568.jpg,blast
200569.jpg,blast
200570.jpg,blast
200571.jpg,blast
200572.jpg,blast
200573.jpg,blast
200574.jpg,blast
200575.jpg,blast
200576.jpg,blast
200577.jpg,blast
200578.jpg,blast
200579.jpg,blast
200580.jpg,blast
200581.jpg,blast
200582.jpg,blast
200583.jpg,blast
200584.jpg,blast
200585.jpg,blast
200586.jpg,blast
200587.jpg,blast
200588.jpg,blast
200589.jpg,blast
200590.jpg,blast
200591.jpg,blast
200592.jpg,blast
200593.jpg,blast
200594.jpg,blast
200595.jpg,blast
200596.jpg,blast
200597.jpg,blast
200598.jpg,blast
200599.jpg,blast
200600.jpg,blast
200601.jpg,blast
200602.jpg,blast
200603.jpg,blast
200604.jpg,blast
200605.jpg,blast
200606.jpg,blast
200607.jpg,blast
200608.jpg,blast
200609.jpg,blast
200610.jpg,blast
200611.jpg,blast
200612.jpg,blast
200613.jpg,blast
200614.jpg,blast
200615.jpg,blast
200616.jpg,blast
200617.jpg,blast
200618.jpg,blast
200619.jpg,blast
200620.jpg,blast
200621.jpg,blast
200622.jpg,blast
200623.jpg,blast
200624.jpg,blast
200625.jpg,blast
200626.jpg,blast
200627.jpg,blast
200628.jpg,blast
200629.jpg,blast
200630.jpg,blast
200631.jpg,blast
200632.jpg,blast
200633.jpg,blast
200634.jpg,blast
200635.jpg,blast
200636.jpg,blast
200637.jpg,blast
200638.jpg,blast
200639.jpg,blast
200640.jpg,blast
200641.jpg,blast
200642.jpg,blast
200643.jpg,blast
200644.jpg,blast
200645.jpg,blast
200646.jpg,blast
200647.jpg,blast
200648.jpg,blast
200649.jpg,blast
200650.jpg,blast
200651.jpg,blast
200652.jpg,blast
200653.jpg,blast
200654.jpg,blast
200655.jpg,blast
200656.jpg,blast
200657.jpg,blast
200658.jpg,blast
200659.jpg,blast
200660.jpg,blast
200661.jpg,blast
200662.jpg,blast
200663.jpg,blast
200664.jpg,blast
200665.jpg,blast
200666.jpg,blast
200667.jpg,blast
200668.jpg,blast
200669.jpg,blast
200670.jpg,blast
200671.jpg,blast
200672.jpg,blast
200673.jpg,blast
200674.jpg,blast
200675.jpg,blast
200676.jpg,blast
200677.jpg,blast
200678.jpg,blast
200679.jpg,blast
200680.jpg,blast
200681.jpg,blast
200682.jpg,blast
200683.jpg,blast
200684.jpg,blast
200685.jpg,blast
200686.jpg,blast
200687.jpg,blast
200688.jpg,blast
200689.jpg,blast
200690.jpg,blast
200691.jpg,blast
200692.jpg,blast
200693.jpg,blast
200694.jpg,blast
200695.jpg,blast
200696.jpg,blast
200697.jpg,blast
200698.jpg,blast
200699.jpg,blast
200700.jpg,blast
200701.jpg,blast
200702.jpg,blast
200703.jpg,blast
200704.jpg,blast
200705.jpg,blast
200706.jpg,blast
200707.jpg,blast
200708.jpg,blast
200709.jpg,blast
200710.jpg,blast
200711.jpg,blast
200712.jpg,blast
200713.jpg,blast
200714.jpg,blast
200715.jpg,blast
200716.jpg,blast
200717.jpg,blast
200718.jpg,blast
200719.jpg,blast
200720.jpg,blast
200721.jpg,blast
200722.jpg,blast
200723.jpg,blast
200724.jpg,blast
200725.jpg,blast
200726.jpg,blast
200727.jpg,blast
200728.jpg,blast
200729.jpg,blast
200730.jpg,blast
200731.jpg,blast
200732.jpg,blast
200733.jpg,blast
200734.jpg,blast
200735.jpg,blast
200736.jpg,blast
200737.jpg,blast
200738.jpg,blast
200739.jpg,blast
200740.jpg,blast
200741.jpg,blast
200742.jpg,blast
200743.jpg,blast
200744.jpg,blast
200745.jpg,blast
200746.jpg,blast
200747.jpg,blast
200748.jpg,blast
200749.jpg,blast
200750.jpg,blast
200751.jpg,blast
200752.jpg,blast
200753.jpg,blast
200754.jpg,blast
200755.jpg,blast
200756.jpg,blast
200757.jpg,blast
200758.jpg,blast
200759.jpg,blast
200760.jpg,blast
200761.jpg,blast
200762.jpg,blast
200763.jpg,blast
200764.jpg,blast
200765.jpg,blast
200766.jpg,blast
200767.jpg,blast
200768.jpg,blast
200769.jpg,blast
200770.jpg,blast
200771.jpg,blast
200772.jpg,blast
200773.jpg,blast
200774.jpg,blast
200775.jpg,blast
200776.jpg,blast
200777.jpg,blast
200778.jpg,blast
200779.jpg,blast
200780.jpg,blast
200781.jpg,blast
200782.jpg,blast
200783.jpg,blast
200784.jpg,blast
200785.jpg,blast
200786.jpg,blast
200787.jpg,blast
200788.jpg,blast
200789.jpg,blast
200790.jpg,blast
200791.jpg,blast
200792.jpg,blast
200793.jpg,blast
200794.jpg,blast
200795.jpg,blast
200796.jpg,blast
200797.jpg,blast
200798.jpg,blast
200799.jpg,blast
200800.jpg,blast
200801.jpg,blast
200802.jpg,blast
200803.jpg,blast
200804.jpg,blast
200805.jpg,blast
200806.jpg,blast
200807.jpg,blast
200808.jpg,blast
200809.jpg,blast
200810.jpg,blast
200811.jpg,blast
200812.jpg,blast
200813.jpg,blast
200814.jpg,blast
200815.jpg,blast
200816.jpg,blast
200817.jpg,blast
200818.jpg,blast
200819.jpg,blast
200820.jpg,blast
200821.jpg,blast
200822.jpg,blast
200823.jpg,blast
200824.jpg,blast
200825.jpg,blast
200826.jpg,blast
200827.jpg,blast
200828.jpg,blast
200829.jpg,blast
200830.jpg,blast
200831.jpg,blast
200832.jpg,blast
200833.jpg,blast
200834.jpg,blast
200835.jpg,blast
200836.jpg,blast
200837.jpg,blast
200838.jpg,blast
200839.jpg,blast
200840.jpg,blast
200841.jpg,blast
200842.jpg,blast
200843.jpg,blast
200844.jpg,blast
200845.jpg,blast
200846.jpg,blast
200847.jpg,blast
200848.jpg,blast
200849.jpg,blast
200850.jpg,blast
200851.jpg,blast
200852.jpg,blast
200853.jpg,blast
200854.jpg,blast
200855.jpg,blast
200856.jpg,blast
200857.jpg,blast
200858.jpg,blast
200859.jpg,blast
200860.jpg,blast
200861.jpg,blast
200862.jpg,blast
200863.jpg,blast
200864.jpg,blast
200865.jpg,blast
200866.jpg,blast
200867.jpg,blast
200868.jpg,blast
200869.jpg,blast
200870.jpg,blast
200871.jpg,blast
200872.jpg,blast
200873.jpg,blast
200874.jpg,blast
200875.jpg,blast
200876.jpg,blast
200877.jpg,blast
200878.jpg,blast
200879.jpg,blast
200880.jpg,blast
200881.jpg,blast
200882.jpg,blast
200883.jpg,blast
200884.jpg,blast
200885.jpg,blast
200886.jpg,blast
200887.jpg,blast
200888.jpg,blast
200889.jpg,blast
200890.jpg,blast
200891.jpg,blast
200892.jpg,blast
200893.jpg,blast
200894.jpg,blast
200895.jpg,blast
200896.jpg,blast
200897.jpg,blast
200898.jpg,blast
200899.jpg,blast
200900.jpg,blast
200901.jpg,blast
200902.jpg,blast
200903.jpg,blast
200904.jpg,blast
200905.jpg,blast
200906.jpg,blast
200907.jpg,blast
200908.jpg,blast
200909.jpg,blast
200910.jpg,blast
200911.jpg,blast
200912.jpg,blast
200913.jpg,blast
200914.jpg,blast
200915.jpg,blast
200916.jpg,blast
200917.jpg,blast
200918.jpg,blast
200919.jpg,blast
200920.jpg,blast
200921.jpg,blast
200922.jpg,blast
200923.jpg,blast
200924.jpg,blast
200925.jpg,blast
200926.jpg,blast
200927.jpg,blast
200928.jpg,blast
200929.jpg,blast
200930.jpg,blast
200931.jpg,blast
200932.jpg,blast
200933.jpg,blast
200934.jpg,blast
200935.jpg,blast
200936.jpg,blast
200937.jpg,blast
200938.jpg,blast
200939.jpg,blast
200940.jpg,blast
200941.jpg,blast
200942.jpg,blast
200943.jpg,blast
200944.jpg,blast
200945.jpg,blast
200946.jpg,blast
200947.jpg,blast
200948.jpg,blast
200949.jpg,blast
200950.jpg,blast
200951.jpg,blast
200952.jpg,blast
200953.jpg,blast
200954.jpg,blast
200955.jpg,blast
200956.jpg,blast
200957.jpg,blast
200958.jpg,blast
200959.jpg,blast
200960.jpg,blast
200961.jpg,blast
200962.jpg,blast
200963.jpg,blast
200964.jpg,blast
200965.jpg,blast
200966.jpg,blast
200967.jpg,blast
200968.jpg,blast
200969.jpg,blast
200970.jpg,blast
200971.jpg,blast
200972.jpg,blast
200973.jpg,blast
200974.jpg,blast
200975.jpg,blast
200976.jpg,blast
200977.jpg,blast
200978.jpg,blast
200979.jpg,blast
200980.jpg,blast
200981.jpg,blast
200982.jpg,blast
200983.jpg,blast
200984.jpg,blast
200985.jpg,blast
200986.jpg,blast
200987.jpg,blast
200988.jpg,blast
200989.jpg,blast
200990.jpg,blast
200991.jpg,blast
200992.jpg,blast
200993.jpg,blast
200994.jpg,blast
200995.jpg,blast
200996.jpg,blast
200997.jpg,blast
200998.jpg,blast
200999.jpg,blast
201000.jpg,blast
201001.jpg,blast
201002.jpg,blast
201003.jpg,blast
201004.jpg,blast
201005.jpg,blast
201006.jpg,blast
201007.jpg,blast
201008.jpg,blast
201009.jpg,blast
201010.jpg,blast
201011.jpg,blast
201012.jpg,blast
201013.jpg,blast
201014.jpg,blast
201015.jpg,blast
201016.jpg,blast
201017.jpg,blast
201018.jpg,blast
201019.jpg,blast
201020.jpg,blast
201021.jpg,blast
201022.jpg,blast
201023.jpg,blast
201024.jpg,blast
201025.jpg,blast
201026.jpg,blast
201027.jpg,blast
201028.jpg,blast
201029.jpg,blast
201030.jpg,blast
201031.jpg,blast
201032.jpg,blast
201033.jpg,blast
201034.jpg,blast
201035.jpg,blast
201036.jpg,blast
201037.jpg,blast
201038.jpg,blast
201039.jpg,blast
201040.jpg,blast
201041.jpg,blast
201042.jpg,blast
201043.jpg,blast
201044.jpg,blast
201045.jpg,blast
201046.jpg,blast
201047.jpg,blast
201048.jpg,blast
201049.jpg,blast
201050.jpg,blast
201051.jpg,blast
201052.jpg,blast
201053.jpg,blast
201054.jpg,blast
201055.jpg,blast
201056.jpg,blast
201057.jpg,blast
201058.jpg,blast
201059.jpg,blast
201060.jpg,blast
201061.jpg,blast
201062.jpg,blast
201063.jpg,blast
201064.jpg,blast
201065.jpg,blast
201066.jpg,blast
201067.jpg,blast
201068.jpg,blast
201069.jpg,blast
201070.jpg,blast
201071.jpg,blast
201072.jpg,blast
201073.jpg,blast
201074.jpg,blast
201075.jpg,blast
201076.jpg,blast
201077.jpg,blast
201078.jpg,blast
201079.jpg,blast
201080.jpg,blast
201081.jpg,blast
201082.jpg,blast
201083.jpg,blast
201084.jpg,blast
201085.jpg,blast
201086.jpg,blast
201087.jpg,blast
201088.jpg,blast
201089.jpg,blast
201090.jpg,blast
201091.jpg,blast
201092.jpg,blast
201093.jpg,blast
201094.jpg,blast
201095.jpg,blast
201096.jpg,blast
201097.jpg,blast
201098.jpg,blast
201099.jpg,blast
201100.jpg,blast
201101.jpg,blast
201102.jpg,blast
201103.jpg,blast
201104.jpg,blast
201105.jpg,blast
201106.jpg,blast
201107.jpg,blast
201108.jpg,blast
201109.jpg,blast
201110.jpg,blast
201111.jpg,blast
201112.jpg,blast
201113.jpg,blast
201114.jpg,blast
201115.jpg,blast
201116.jpg,blast
201117.jpg,blast
201118.jpg,blast
201119.jpg,blast
201120.jpg,blast
201121.jpg,blast
201122.jpg,blast
201123.jpg,blast
201124.jpg,blast
201125.jpg,blast
201126.jpg,blast
201127.jpg,blast
201128.jpg,blast
201129.jpg,blast
201130.jpg,blast
201131.jpg,blast
201132.jpg,blast
201133.jpg,blast
201134.jpg,blast
201135.jpg,blast
201136.jpg,blast
201137.jpg,blast
201138.jpg,blast
201139.jpg,blast
201140.jpg,blast
201141.jpg,blast
201142.jpg,blast
201143.jpg,blast
201144.jpg,blast
201145.jpg,blast
201146.jpg,blast
201147.jpg,blast
201148.jpg,blast
201149.jpg,blast
201150.jpg,blast
201151.jpg,blast
201152.jpg,blast
201153.jpg,blast
201154.jpg,blast
201155.jpg,blast
201156.jpg,blast
201157.jpg,blast
201158.jpg,blast
201159.jpg,blast
201160.jpg,blast
201161.jpg,blast
201162.jpg,blast
201163.jpg,blast
201164.jpg,blast
201165.jpg,blast
201166.jpg,blast
201167.jpg,blast
201168.jpg,blast
201169.jpg,blast
201170.jpg,blast
201171.jpg,blast
201172.jpg,blast
201173.jpg,blast
201174.jpg,blast
201175.jpg,blast
201176.jpg,blast
201177.jpg,blast
201178.jpg,blast
201179.jpg,blast
201180.jpg,blast
201181.jpg,blast
201182.jpg,blast
201183.jpg,blast
201184.jpg,blast
201185.jpg,blast
201186.jpg,blast
201187.jpg,blast
201188.jpg,blast
201189.jpg,blast
201190.jpg,blast
201191.jpg,blast
201192.jpg,blast
201193.jpg,blast
201194.jpg,blast
201195.jpg,blast
201196.jpg,blast
201197.jpg,blast
201198.jpg,blast
201199.jpg,blast
201200.jpg,blast
201201.jpg,blast
201202.jpg,blast
201203.jpg,blast
201204.jpg,blast
201205.jpg,blast
201206.jpg,blast
201207.jpg,blast
201208.jpg,blast
201209.jpg,blast
201210.jpg,blast
201211.jpg,blast
201212.jpg,blast
201213.jpg,blast
201214.jpg,blast
201215.jpg,blast
201216.jpg,blast
201217.jpg,blast
201218.jpg,blast
201219.jpg,blast
201220.jpg,blast
201221.jpg,blast
201222.jpg,blast
201223.jpg,blast
201224.jpg,blast
201225.jpg,blast
201226.jpg,blast
201227.jpg,blast
201228.jpg,blast
201229.jpg,blast
201230.jpg,blast
201231.jpg,blast
201232.jpg,blast
201233.jpg,blast
201234.jpg,blast
201235.jpg,blast
201236.jpg,blast
201237.jpg,blast
201238.jpg,blast
201239.jpg,blast
201240.jpg,blast
201241.jpg,blast
201242.jpg,blast
201243.jpg,blast
201244.jpg,blast
201245.jpg,blast
201246.jpg,blast
201247.jpg,blast
201248.jpg,blast
201249.jpg,blast
201250.jpg,blast
201251.jpg,blast
201252.jpg,blast
201253.jpg,blast
201254.jpg,blast
201255.jpg,blast
201256.jpg,blast
201257.jpg,blast
201258.jpg,blast
201259.jpg,blast
201260.jpg,blast
201261.jpg,blast
201262.jpg,blast
201263.jpg,blast
201264.jpg,blast
201265.jpg,blast
201266.jpg,blast
201267.jpg,blast
201268.jpg,blast
201269.jpg,blast
201270.jpg,blast
201271.jpg,blast
201272.jpg,blast
201273.jpg,blast
201274.jpg,blast
201275.jpg,blast
201276.jpg,blast
201277.jpg,blast
201278.jpg,blast
201279.jpg,blast
201280.jpg,blast
201281.jpg,blast
201282.jpg,blast
201283.jpg,blast
201284.jpg,blast
201285.jpg,blast
201286.jpg,blast
201287.jpg,blast
201288.jpg,blast
201289.jpg,blast
201290.jpg,blast
201291.jpg,blast
201292.jpg,blast
201293.jpg,blast
201294.jpg,blast
201295.jpg,blast
201296.jpg,blast
201297.jpg,blast
201298.jpg,blast
201299.jpg,blast
201300.jpg,blast
201301.jpg,blast
201302.jpg,blast
201303.jpg,blast
201304.jpg,blast
201305.jpg,blast
201306.jpg,blast
201307.jpg,blast
201308.jpg,blast
201309.jpg,blast
201310.jpg,blast
201311.jpg,blast
201312.jpg,blast
201313.jpg,blast
201314.jpg,blast
201315.jpg,blast
201316.jpg,blast
201317.jpg,blast
201318.jpg,blast
201319.jpg,blast
201320.jpg,blast
201321.jpg,blast
201322.jpg,blast
201323.jpg,blast
201324.jpg,blast
201325.jpg,blast
201326.jpg,blast
201327.jpg,blast
201328.jpg,blast
201329.jpg,blast
201330.jpg,blast
201331.jpg,blast
201332.jpg,blast
201333.jpg,blast
201334.jpg,blast
201335.jpg,blast
201336.jpg,blast
201337.jpg,blast
201338.jpg,blast
201339.jpg,blast
201340.jpg,blast
201341.jpg,blast
201342.jpg,blast
201343.jpg,blast
201344.jpg,blast
201345.jpg,blast
201346.jpg,blast
201347.jpg,blast
201348.jpg,blast
201349.jpg,blast
201350.jpg,blast
201351.jpg,blast
201352.jpg,blast
201353.jpg,blast
201354.jpg,blast
201355.jpg,blast
201356.jpg,blast
201357.jpg,blast
201358.jpg,blast
201359.jpg,blast
201360.jpg,blast
201361.jpg,blast
201362.jpg,blast
201363.jpg,blast
201364.jpg,blast
201365.jpg,blast
201366.jpg,blast
201367.jpg,blast
201368.jpg,blast
201369.jpg,blast
201370.jpg,blast
201371.jpg,blast
201372.jpg,blast
201373.jpg,blast
201374.jpg,blast
201375.jpg,blast
201376.jpg,blast
201377.jpg,blast
201378.jpg,blast
201379.jpg,blast
201380.jpg,blast
201381.jpg,blast
201382.jpg,blast
201383.jpg,blast
201384.jpg,blast
201385.jpg,blast
201386.jpg,blast
201387.jpg,blast
201388.jpg,blast
201389.jpg,blast
201390.jpg,blast
201391.jpg,blast
201392.jpg,blast
201393.jpg,blast
201394.jpg,blast
201395.jpg,blast
201396.jpg,blast
201397.jpg,blast
201398.jpg,blast
201399.jpg,blast
201400.jpg,blast
201401.jpg,blast
201402.jpg,blast
201403.jpg,blast
201404.jpg,blast
201405.jpg,blast
201406.jpg,blast
201407.jpg,blast
201408.jpg,blast
201409.jpg,blast
201410.jpg,blast
201411.jpg,blast
201412.jpg,blast
201413.jpg,blast
201414.jpg,blast
201415.jpg,blast
201416.jpg,blast
201417.jpg,blast
201418.jpg,blast
201419.jpg,blast
201420.jpg,blast
201421.jpg,blast
201422.jpg,blast
201423.jpg,blast
201424.jpg,blast
201425.jpg,blast
201426.jpg,blast
201427.jpg,blast
201428.jpg,blast
201429.jpg,blast
201430.jpg,blast
201431.jpg,blast
201432.jpg,blast
201433.jpg,blast
201434.jpg,blast
201435.jpg,blast
201436.jpg,blast
201437.jpg,blast
201438.jpg,blast
201439.jpg,blast
201440.jpg,blast
201441.jpg,blast
201442.jpg,blast
201443.jpg,blast
201444.jpg,blast
201445.jpg,blast
201446.jpg,blast
201447.jpg,blast
201448.jpg,blast
201449.jpg,blast
201450.jpg,blast
201451.jpg,blast
201452.jpg,blast
201453.jpg,blast
201454.jpg,blast
201455.jpg,blast
201456.jpg,blast
201457.jpg,blast
201458.jpg,blast
201459.jpg,blast
201460.jpg,blast
201461.jpg,blast
201462.jpg,blast
201463.jpg,blast
201464.jpg,blast
201465.jpg,blast
201466.jpg,blast
201467.jpg,blast
201468.jpg,blast
201469.jpg,blast
201470.jpg,blast
201471.jpg,blast
201472.jpg,blast
201473.jpg,blast
201474.jpg,blast
201475.jpg,blast
201476.jpg,blast
201477.jpg,blast
201478.jpg,blast
201479.jpg,blast
201480.jpg,blast
201481.jpg,blast
201482.jpg,blast
201483.jpg,blast
201484.jpg,blast
201485.jpg,blast
201486.jpg,blast
201487.jpg,blast
201488.jpg,blast
201489.jpg,blast
201490.jpg,blast
201491.jpg,blast
201492.jpg,blast
201493.jpg,blast
201494.jpg,blast
201495.jpg,blast
201496.jpg,blast
201497.jpg,blast
201498.jpg,blast
201499.jpg,blast
201500.jpg,blast
201501.jpg,blast
201502.jpg,blast
201503.jpg,blast
201504.jpg,blast
201505.jpg,blast
201506.jpg,blast
201507.jpg,blast
201508.jpg,blast
201509.jpg,blast
201510.jpg,blast
201511.jpg,blast
201512.jpg,blast
201513.jpg,blast
201514.jpg,blast
201515.jpg,blast
201516.jpg,blast
201517.jpg,blast
201518.jpg,blast
201519.jpg,blast
201520.jpg,blast
201521.jpg,blast
201522.jpg,blast
201523.jpg,blast
201524.jpg,blast
201525.jpg,blast
201526.jpg,blast
201527.jpg,blast
201528.jpg,blast
201529.jpg,blast
201530.jpg,blast
201531.jpg,blast
201532.jpg,blast
201533.jpg,blast
201534.jpg,blast
201535.jpg,blast
201536.jpg,blast
201537.jpg,blast
201538.jpg,blast
201539.jpg,blast
201540.jpg,blast
201541.jpg,blast
201542.jpg,blast
201543.jpg,blast
201544.jpg,blast
201545.jpg,blast
201546.jpg,blast
201547.jpg,blast
201548.jpg,blast
201549.jpg,blast
201550.jpg,blast
201551.jpg,blast
201552.jpg,blast
201553.jpg,blast
201554.jpg,blast
201555.jpg,blast
201556.jpg,blast
201557.jpg,blast
201558.jpg,blast
201559.jpg,blast
201560.jpg,blast
201561.jpg,blast
201562.jpg,blast
201563.jpg,blast
201564.jpg,blast
201565.jpg,blast
201566.jpg,blast
201567.jpg,blast
201568.jpg,blast
201569.jpg,blast
201570.jpg,blast
201571.jpg,blast
201572.jpg,blast
201573.jpg,blast
201574.jpg,blast
201575.jpg,blast
201576.jpg,blast
201577.jpg,blast
201578.jpg,blast
201579.jpg,blast
201580.jpg,blast
201581.jpg,blast
201582.jpg,blast
201583.jpg,blast
201584.jpg,blast
201585.jpg,blast
201586.jpg,blast
201587.jpg,blast
201588.jpg,blast
201589.jpg,blast
201590.jpg,blast
201591.jpg,blast
201592.jpg,blast
201593.jpg,blast
201594.jpg,blast
201595.jpg,blast
201596.jpg,blast
201597.jpg,blast
201598.jpg,blast
201599.jpg,blast
201600.jpg,blast
201601.jpg,blast
201602.jpg,blast
201603.jpg,blast
201604.jpg,blast
201605.jpg,blast
201606.jpg,blast
201607.jpg,blast
201608.jpg,blast
201609.jpg,blast
201610.jpg,blast
201611.jpg,blast
201612.jpg,blast
201613.jpg,blast
201614.jpg,blast
201615.jpg,blast
201616.jpg,blast
201617.jpg,blast
201618.jpg,blast
201619.jpg,blast
201620.jpg,blast
201621.jpg,blast
201622.jpg,blast
201623.jpg,blast
201624.jpg,blast
201625.jpg,blast
201626.jpg,blast
201627.jpg,blast
201628.jpg,blast
201629.jpg,blast
201630.jpg,blast
201631.jpg,blast
201632.jpg,blast
201633.jpg,blast
201634.jpg,blast
201635.jpg,blast
201636.jpg,blast
201637.jpg,blast
201638.jpg,blast
201639.jpg,blast
201640.jpg,blast
201641.jpg,blast
201642.jpg,blast
201643.jpg,blast
201644.jpg,blast
201645.jpg,blast
201646.jpg,blast
201647.jpg,blast
201648.jpg,blast
201649.jpg,blast
201650.jpg,blast
201651.jpg,blast
201652.jpg,blast
201653.jpg,blast
201654.jpg,blast
201655.jpg,blast
201656.jpg,blast
201657.jpg,blast
201658.jpg,blast
201659.jpg,blast
201660.jpg,blast
201661.jpg,blast
201662.jpg,blast
201663.jpg,blast
201664.jpg,blast
201665.jpg,blast
201666.jpg,blast
201667.jpg,blast
201668.jpg,blast
201669.jpg,blast
201670.jpg,blast
201671.jpg,blast
201672.jpg,blast
201673.jpg,blast
201674.jpg,blast
201675.jpg,blast
201676.jpg,blast
201677.jpg,blast
201678.jpg,blast
201679.jpg,blast
201680.jpg,blast
201681.jpg,blast
201682.jpg,blast
201683.jpg,blast
201684.jpg,blast
201685.jpg,blast
201686.jpg,blast
201687.jpg,blast
201688.jpg,blast
201689.jpg,blast
201690.jpg,blast
201691.jpg,blast
201692.jpg,blast
201693.jpg,blast
201694.jpg,blast
201695.jpg,blast
201696.jpg,blast
201697.jpg,blast
201698.jpg,blast
201699.jpg,blast
201700.jpg,blast
201701.jpg,blast
201702.jpg,blast
201703.jpg,blast
201704.jpg,blast
201705.jpg,blast
201706.jpg,blast
201707.jpg,blast
201708.jpg,blast
201709.jpg,blast
201710.jpg,blast
201711.jpg,blast
201712.jpg,blast
201713.jpg,blast
201714.jpg,blast
201715.jpg,blast
201716.jpg,blast
201717.jpg,blast
201718.jpg,blast
201719.jpg,blast
201720.jpg,blast
201721.jpg,blast
201722.jpg,blast
201723.jpg,blast
201724.jpg,blast
201725.jpg,blast
201726.jpg,blast
201727.jpg,blast
201728.jpg,blast
201729.jpg,blast
201730.jpg,blast
201731.jpg,blast
201732.jpg,blast
201733.jpg,blast
201734.jpg,blast
201735.jpg,blast
201736.jpg,blast
201737.jpg,blast
201738.jpg,blast
201739.jpg,blast
201740.jpg,blast
201741.jpg,blast
201742.jpg,blast
201743.jpg,blast
201744.jpg,blast
201745.jpg,blast
201746.jpg,blast
201747.jpg,blast
201748.jpg,blast
201749.jpg,blast
201750.jpg,blast
201751.jpg,blast
201752.jpg,blast
201753.jpg,blast
201754.jpg,blast
201755.jpg,blast
201756.jpg,blast
201757.jpg,blast
201758.jpg,blast
201759.jpg,blast
201760.jpg,blast
201761.jpg,blast
201762.jpg,blast
201763.jpg,blast
201764.jpg,blast
201765.jpg,blast
201766.jpg,blast
201767.jpg,blast
201768.jpg,blast
201769.jpg,blast
201770.jpg,blast
201771.jpg,blast
201772.jpg,blast
201773.jpg,blast
201774.jpg,blast
201775.jpg,blast
201776.jpg,blast
201777.jpg,blast
201778.jpg,blast
201779.jpg,blast
201780.jpg,blast
201781.jpg,blast
201782.jpg,blast
201783.jpg,blast
201784.jpg,blast
201785.jpg,blast
201786.jpg,blast
201787.jpg,blast
201788.jpg,blast
201789.jpg,blast
201790.jpg,blast
201791.jpg,blast
201792.jpg,blast
201793.jpg,blast
201794.jpg,blast
201795.jpg,blast
201796.jpg,blast
201797.jpg,blast
201798.jpg,blast
201799.jpg,blast
201800.jpg,blast
201801.jpg,blast
201802.jpg,blast
201803.jpg,blast
201804.jpg,blast
201805.jpg,blast
201806.jpg,blast
201807.jpg,blast
201808.jpg,blast
201809.jpg,blast
201810.jpg,blast
201811.jpg,blast
201812.jpg,blast
201813.jpg,blast
201814.jpg,blast
201815.jpg,blast
201816.jpg,blast
201817.jpg,blast
201818.jpg,blast
201819.jpg,blast
201820.jpg,blast
201821.jpg,blast
201822.jpg,blast
201823.jpg,blast
201824.jpg,blast
201825.jpg,blast
201826.jpg,blast
201827.jpg,blast
201828.jpg,blast
201829.jpg,blast
201830.jpg,blast
201831.jpg,blast
201832.jpg,blast
201833.jpg,blast
201834.jpg,blast
201835.jpg,blast
201836.jpg,blast
201837.jpg,blast
201838.jpg,blast
201839.jpg,blast
201840.jpg,blast
201841.jpg,blast
201842.jpg,blast
201843.jpg,blast
201844.jpg,blast
201845.jpg,blast
201846.jpg,blast
201847.jpg,blast
201848.jpg,blast
201849.jpg,blast
201850.jpg,blast
201851.jpg,blast
201852.jpg,blast
201853.jpg,blast
201854.jpg,blast
201855.jpg,blast
201856.jpg,blast
201857.jpg,blast
201858.jpg,blast
201859.jpg,blast
201860.jpg,blast
201861.jpg,blast
201862.jpg,blast
201863.jpg,blast
201864.jpg,blast
201865.jpg,blast
201866.jpg,blast
201867.jpg,blast
201868.jpg,blast
201869.jpg,blast
201870.jpg,blast
201871.jpg,blast
201872.jpg,blast
201873.jpg,blast
201874.jpg,blast
201875.jpg,blast
201876.jpg,blast
201877.jpg,blast
201878.jpg,blast
201879.jpg,blast
201880.jpg,blast
201881.jpg,blast
201882.jpg,blast
201883.jpg,blast
201884.jpg,blast
201885.jpg,blast
201886.jpg,blast
201887.jpg,blast
201888.jpg,blast
201889.jpg,blast
201890.jpg,blast
201891.jpg,blast
201892.jpg,blast
201893.jpg,blast
201894.jpg,blast
201895.jpg,blast
201896.jpg,blast
201897.jpg,blast
201898.jpg,blast
201899.jpg,blast
201900.jpg,blast
201901.jpg,blast
201902.jpg,blast
201903.jpg,blast
201904.jpg,blast
201905.jpg,blast
201906.jpg,blast
201907.jpg,blast
201908.jpg,blast
201909.jpg,blast
201910.jpg,blast
201911.jpg,blast
201912.jpg,blast
201913.jpg,blast
201914.jpg,blast
201915.jpg,blast
201916.jpg,blast
201917.jpg,blast
201918.jpg,blast
201919.jpg,blast
201920.jpg,blast
201921.jpg,blast
201922.jpg,blast
201923.jpg,blast
201924.jpg,blast
201925.jpg,blast
201926.jpg,blast
201927.jpg,blast
201928.jpg,blast
201929.jpg,blast
201930.jpg,blast
201931.jpg,blast
201932.jpg,blast
201933.jpg,blast
201934.jpg,blast
201935.jpg,blast
201936.jpg,blast
201937.jpg,blast
201938.jpg,blast
201939.jpg,blast
201940.jpg,blast
201941.jpg,blast
201942.jpg,blast
201943.jpg,blast
201944.jpg,blast
201945.jpg,blast
201946.jpg,blast
201947.jpg,blast
201948.jpg,blast
201949.jpg,blast
201950.jpg,blast
201951.jpg,blast
201952.jpg,blast
201953.jpg,blast
201954.jpg,blast
201955.jpg,blast
201956.jpg,blast
201957.jpg,blast
201958.jpg,blast
201959.jpg,blast
201960.jpg,blast
201961.jpg,blast
201962.jpg,blast
201963.jpg,blast
201964.jpg,blast
201965.jpg,blast
201966.jpg,blast
201967.jpg,blast
201968.jpg,blast
201969.jpg,blast
201970.jpg,blast
201971.jpg,blast
201972.jpg,blast
201973.jpg,blast
201974.jpg,blast
201975.jpg,blast
201976.jpg,blast
201977.jpg,blast
201978.jpg,blast
201979.jpg,blast
201980.jpg,blast
201981.jpg,blast
201982.jpg,blast
201983.jpg,blast
201984.jpg,blast
201985.jpg,blast
201986.jpg,blast
201987.jpg,blast
201988.jpg,blast
201989.jpg,blast
201990.jpg,blast
201991.jpg,blast
201992.jpg,blast
201993.jpg,blast
201994.jpg,blast
201995.jpg,blast
201996.jpg,blast
201997.jpg,blast
201998.jpg,blast
201999.jpg,blast
202000.jpg,blast
202001.jpg,blast
202002.jpg,blast
202003.jpg,blast
202004.jpg,blast
202005.jpg,blast
202006.jpg,blast
202007.jpg,blast
202008.jpg,blast
202009.jpg,blast
202010.jpg,blast
202011.jpg,blast
202012.jpg,blast
202013.jpg,blast
202014.jpg,blast
202015.jpg,blast
202016.jpg,blast
202017.jpg,blast
202018.jpg,blast
202019.jpg,blast
202020.jpg,blast
202021.jpg,blast
202022.jpg,blast
202023.jpg,blast
202024.jpg,blast
202025.jpg,blast
202026.jpg,blast
202027.jpg,blast
202028.jpg,blast
202029.jpg,blast
202030.jpg,blast
202031.jpg,blast
202032.jpg,blast
202033.jpg,blast
202034.jpg,blast
202035.jpg,blast
202036.jpg,blast
202037.jpg,blast
202038.jpg,blast
202039.jpg,blast
202040.jpg,blast
202041.jpg,blast
202042.jpg,blast
202043.jpg,blast
202044.jpg,blast
202045.jpg,blast
202046.jpg,blast
202047.jpg,blast
202048.jpg,blast
202049.jpg,blast
202050.jpg,blast
202051.jpg,blast
202052.jpg,blast
202053.jpg,blast
202054.jpg,blast
202055.jpg,blast
202056.jpg,blast
202057.jpg,blast
202058.jpg,blast
202059.jpg,blast
202060.jpg,blast
202061.jpg,blast
202062.jpg,blast
202063.jpg,blast
202064.jpg,blast
202065.jpg,blast
202066.jpg,blast
202067.jpg,blast
202068.jpg,blast
202069.jpg,blast
202070.jpg,blast
202071.jpg,blast
202072.jpg,blast
202073.jpg,blast
202074.jpg,blast
202075.jpg,blast
202076.jpg,blast
202077.jpg,blast
202078.jpg,blast
202079.jpg,blast
202080.jpg,blast
202081.jpg,blast
202082.jpg,blast
202083.jpg,blast
202084.jpg,blast
202085.jpg,blast
202086.jpg,blast
202087.jpg,blast
202088.jpg,blast
202089.jpg,blast
202090.jpg,blast
202091.jpg,blast
202092.jpg,blast
202093.jpg,blast
202094.jpg,blast
202095.jpg,blast
202096.jpg,blast
202097.jpg,blast
202098.jpg,blast
202099.jpg,blast
202100.jpg,blast
202101.jpg,blast
202102.jpg,blast
202103.jpg,blast
202104.jpg,blast
202105.jpg,blast
202106.jpg,blast
202107.jpg,blast
202108.jpg,blast
202109.jpg,blast
202110.jpg,blast
202111.jpg,blast
202112.jpg,blast
202113.jpg,blast
202114.jpg,blast
202115.jpg,blast
202116.jpg,blast
202117.jpg,blast
202118.jpg,blast
202119.jpg,blast
202120.jpg,blast
202121.jpg,blast
202122.jpg,blast
202123.jpg,blast
202124.jpg,blast
202125.jpg,blast
202126.jpg,blast
202127.jpg,blast
202128.jpg,blast
202129.jpg,blast
202130.jpg,blast
202131.jpg,blast
202132.jpg,blast
202133.jpg,blast
202134.jpg,blast
202135.jpg,blast
202136.jpg,blast
202137.jpg,blast
202138.jpg,blast
202139.jpg,blast
202140.jpg,blast
202141.jpg,blast
202142.jpg,blast
202143.jpg,blast
202144.jpg,blast
202145.jpg,blast
202146.jpg,blast
202147.jpg,blast
202148.jpg,blast
202149.jpg,blast
202150.jpg,blast
202151.jpg,blast
202152.jpg,blast
202153.jpg,blast
202154.jpg,blast
202155.jpg,blast
202156.jpg,blast
202157.jpg,blast
202158.jpg,blast
202159.jpg,blast
202160.jpg,blast
202161.jpg,blast
202162.jpg,blast
202163.jpg,blast
202164.jpg,blast
202165.jpg,blast
202166.jpg,blast
202167.jpg,blast
202168.jpg,blast
202169.jpg,blast
202170.jpg,blast
202171.jpg,blast
202172.jpg,blast
202173.jpg,blast
202174.jpg,blast
202175.jpg,blast
202176.jpg,blast
202177.jpg,blast
202178.jpg,blast
202179.jpg,blast
202180.jpg,blast
202181.jpg,blast
202182.jpg,blast
202183.jpg,blast
202184.jpg,blast
202185.jpg,blast
202186.jpg,blast
202187.jpg,blast
202188.jpg,blast
202189.jpg,blast
202190.jpg,blast
202191.jpg,blast
202192.jpg,blast
202193.jpg,blast
202194.jpg,blast
202195.jpg,blast
202196.jpg,blast
202197.jpg,blast
202198.jpg,blast
202199.jpg,blast
202200.jpg,blast
202201.jpg,blast
202202.jpg,blast
202203.jpg,blast
202204.jpg,blast
202205.jpg,blast
202206.jpg,blast
202207.jpg,blast
202208.jpg,blast
202209.jpg,blast
202210.jpg,blast
202211.jpg,blast
202212.jpg,blast
202213.jpg,blast
202214.jpg,blast
202215.jpg,blast
202216.jpg,blast
202217.jpg,blast
202218.jpg,blast
202219.jpg,blast
202220.jpg,blast
202221.jpg,blast
202222.jpg,blast
202223.jpg,blast
202224.jpg,blast
202225.jpg,blast
202226.jpg,blast
202227.jpg,blast
202228.jpg,blast
202229.jpg,blast
202230.jpg,blast
202231.jpg,blast
202232.jpg,blast
202233.jpg,blast
202234.jpg,blast
202235.jpg,blast
202236.jpg,blast
202237.jpg,blast
202238.jpg,blast
202239.jpg,blast
202240.jpg,blast
202241.jpg,blast
202242.jpg,blast
202243.jpg,blast
202244.jpg,blast
202245.jpg,blast
202246.jpg,blast
202247.jpg,blast
202248.jpg,blast
202249.jpg,blast
202250.jpg,blast
202251.jpg,blast
202252.jpg,blast
202253.jpg,blast
202254.jpg,blast
202255.jpg,blast
202256.jpg,blast
202257.jpg,blast
202258.jpg,blast
202259.jpg,blast
202260.jpg,blast
202261.jpg,blast
202262.jpg,blast
202263.jpg,blast
202264.jpg,blast
202265.jpg,blast
202266.jpg,blast
202267.jpg,blast
202268.jpg,blast
202269.jpg,blast
202270.jpg,blast
202271.jpg,blast
202272.jpg,blast
202273.jpg,blast
202274.jpg,blast
202275.jpg,blast
202276.jpg,blast
202277.jpg,blast
202278.jpg,blast
202279.jpg,blast
202280.jpg,blast
202281.jpg,blast
202282.jpg,blast
202283.jpg,blast
202284.jpg,blast
202285.jpg,blast
202286.jpg,blast
202287.jpg,blast
202288.jpg,blast
202289.jpg,blast
202290.jpg,blast
202291.jpg,blast
202292.jpg,blast
202293.jpg,blast
202294.jpg,blast
202295.jpg,blast
202296.jpg,blast
202297.jpg,blast
202298.jpg,blast
202299.jpg,blast
202300.jpg,blast
202301.jpg,blast
202302.jpg,blast
202303.jpg,blast
202304.jpg,blast
202305.jpg,blast
202306.jpg,blast
202307.jpg,blast
202308.jpg,blast
202309.jpg,blast
202310.jpg,blast
202311.jpg,blast
202312.jpg,blast
202313.jpg,blast
202314.jpg,blast
202315.jpg,blast
202316.jpg,blast
202317.jpg,blast
202318.jpg,blast
202319.jpg,blast
202320.jpg,blast
202321.jpg,blast
202322.jpg,blast
202323.jpg,blast
202324.jpg,blast
202325.jpg,blast
202326.jpg,blast
202327.jpg,blast
202328.jpg,blast
202329.jpg,blast
202330.jpg,blast
202331.jpg,blast
202332.jpg,blast
202333.jpg,blast
202334.jpg,blast
202335.jpg,blast
202336.jpg,blast
202337.jpg,blast
202338.jpg,blast
202339.jpg,blast
202340.jpg,blast
202341.jpg,blast
202342.jpg,blast
202343.jpg,blast
202344.jpg,blast
202345.jpg,blast
202346.jpg,blast
202347.jpg,blast
202348.jpg,blast
202349.jpg,blast
202350.jpg,blast
202351.jpg,blast
202352.jpg,blast
202353.jpg,blast
202354.jpg,blast
202355.jpg,blast
202356.jpg,blast
202357.jpg,blast
202358.jpg,blast
202359.jpg,blast
202360.jpg,blast
202361.jpg,blast
202362.jpg,blast
202363.jpg,blast
202364.jpg,blast
202365.jpg,blast
202366.jpg,blast
202367.jpg,blast
202368.jpg,blast
202369.jpg,blast
202370.jpg,blast
202371.jpg,blast
202372.jpg,blast
202373.jpg,blast
202374.jpg,blast
202375.jpg,blast
202376.jpg,blast
202377.jpg,blast
202378.jpg,blast
202379.jpg,blast
202380.jpg,blast
202381.jpg,blast
202382.jpg,blast
202383.jpg,blast
202384.jpg,blast
202385.jpg,blast
202386.jpg,blast
202387.jpg,blast
202388.jpg,blast
202389.jpg,blast
202390.jpg,blast
202391.jpg,blast
202392.jpg,blast
202393.jpg,blast
202394.jpg,blast
202395.jpg,blast
202396.jpg,blast
202397.jpg,blast
202398.jpg,blast
202399.jpg,blast
202400.jpg,blast
202401.jpg,blast
202402.jpg,blast
202403.jpg,blast
202404.jpg,blast
202405.jpg,blast
202406.jpg,blast
202407.jpg,blast
202408.jpg,blast
202409.jpg,blast
202410.jpg,blast
202411.jpg,blast
202412.jpg,blast
202413.jpg,blast
202414.jpg,blast
202415.jpg,blast
202416.jpg,blast
202417.jpg,blast
202418.jpg,blast
202419.jpg,blast
202420.jpg,blast
202421.jpg,blast
202422.jpg,blast
202423.jpg,blast
202424.jpg,blast
202425.jpg,blast
202426.jpg,blast
202427.jpg,blast
202428.jpg,blast
202429.jpg,blast
202430.jpg,blast
202431.jpg,blast
202432.jpg,blast
202433.jpg,blast
202434.jpg,blast
202435.jpg,blast
202436.jpg,blast
202437.jpg,blast
202438.jpg,blast
202439.jpg,blast
202440.jpg,blast
202441.jpg,blast
202442.jpg,blast
202443.jpg,blast
202444.jpg,blast
202445.jpg,blast
202446.jpg,blast
202447.jpg,blast
202448.jpg,blast
202449.jpg,blast
202450.jpg,blast
202451.jpg,blast
202452.jpg,blast
202453.jpg,blast
202454.jpg,blast
202455.jpg,blast
202456.jpg,blast
202457.jpg,blast
202458.jpg,blast
202459.jpg,blast
202460.jpg,blast
202461.jpg,blast
202462.jpg,blast
202463.jpg,blast
202464.jpg,blast
202465.jpg,blast
202466.jpg,blast
202467.jpg,blast
202468.jpg,blast
202469.jpg,blast
202470.jpg,blast
202471.jpg,blast
202472.jpg,blast
202473.jpg,blast
202474.jpg,blast
202475.jpg,blast
202476.jpg,blast
202477.jpg,blast
202478.jpg,blast
202479.jpg,blast
202480.jpg,blast
202481.jpg,blast
202482.jpg,blast
202483.jpg,blast
202484.jpg,blast
202485.jpg,blast
202486.jpg,blast
202487.jpg,blast
202488.jpg,blast
202489.jpg,blast
202490.jpg,blast
202491.jpg,blast
202492.jpg,blast
202493.jpg,blast
202494.jpg,blast
202495.jpg,blast
202496.jpg,blast
202497.jpg,blast
202498.jpg,blast
202499.jpg,blast
202500.jpg,blast
202501.jpg,blast
202502.jpg,blast
202503.jpg,blast
202504.jpg,blast
202505.jpg,blast
202506.jpg,blast
202507.jpg,blast
202508.jpg,blast
202509.jpg,blast
202510.jpg,blast
202511.jpg,blast
202512.jpg,blast
202513.jpg,blast
202514.jpg,blast
202515.jpg,blast
202516.jpg,blast
202517.jpg,blast
202518.jpg,blast
202519.jpg,blast
202520.jpg,blast
202521.jpg,blast
202522.jpg,blast
202523.jpg,blast
202524.jpg,blast
202525.jpg,blast
202526.jpg,blast
202527.jpg,blast
202528.jpg,blast
202529.jpg,blast
202530.jpg,blast
202531.jpg,blast
202532.jpg,blast
202533.jpg,blast
202534.jpg,blast
202535.jpg,blast
202536.jpg,blast
202537.jpg,blast
202538.jpg,blast
202539.jpg,blast
202540.jpg,blast
202541.jpg,blast
202542.jpg,blast
202543.jpg,blast
202544.jpg,blast
202545.jpg,blast
202546.jpg,blast
202547.jpg,blast
202548.jpg,blast
202549.jpg,blast
202550.jpg,blast
202551.jpg,blast
202552.jpg,blast
202553.jpg,blast
202554.jpg,blast
202555.jpg,blast
202556.jpg,blast
202557.jpg,blast
202558.jpg,blast
202559.jpg,blast
202560.jpg,blast
202561.jpg,blast
202562.jpg,blast
202563.jpg,blast
202564.jpg,blast
202565.jpg,blast
202566.jpg,blast
202567.jpg,blast
202568.jpg,blast
202569.jpg,blast
202570.jpg,blast
202571.jpg,blast
202572.jpg,blast
202573.jpg,blast
202574.jpg,blast
202575.jpg,blast
202576.jpg,blast
202577.jpg,blast
202578.jpg,blast
202579.jpg,blast
202580.jpg,blast
202581.jpg,blast
202582.jpg,blast
202583.jpg,blast
202584.jpg,blast
202585.jpg,blast
202586.jpg,blast
202587.jpg,blast
202588.jpg,blast
202589.jpg,blast
202590.jpg,blast
202591.jpg,blast
202592.jpg,blast
202593.jpg,blast
202594.jpg,blast
202595.jpg,blast
202596.jpg,blast
202597.jpg,blast
202598.jpg,blast
202599.jpg,blast
202600.jpg,blast
202601.jpg,blast
202602.jpg,blast
202603.jpg,blast
202604.jpg,blast
202605.jpg,blast
202606.jpg,blast
202607.jpg,blast
202608.jpg,blast
202609.jpg,blast
202610.jpg,blast
202611.jpg,blast
202612.jpg,blast
202613.jpg,blast
202614.jpg,blast
202615.jpg,blast
202616.jpg,blast
202617.jpg,blast
202618.jpg,blast
202619.jpg,blast
202620.jpg,blast
202621.jpg,blast
202622.jpg,blast
202623.jpg,blast
202624.jpg,blast
202625.jpg,blast
202626.jpg,blast
202627.jpg,blast
202628.jpg,blast
202629.jpg,blast
202630.jpg,blast
202631.jpg,blast
202632.jpg,blast
202633.jpg,blast
202634.jpg,blast
202635.jpg,blast
202636.jpg,blast
202637.jpg,blast
202638.jpg,blast
202639.jpg,blast
202640.jpg,blast
202641.jpg,blast
202642.jpg,blast
202643.jpg,blast
202644.jpg,blast
202645.jpg,blast
202646.jpg,blast
202647.jpg,blast
202648.jpg,blast
202649.jpg,blast
202650.jpg,blast
202651.jpg,blast
202652.jpg,blast
202653.jpg,blast
202654.jpg,blast
202655.jpg,blast
202656.jpg,blast
202657.jpg,blast
202658.jpg,blast
202659.jpg,blast
202660.jpg,blast
202661.jpg,blast
202662.jpg,blast
202663.jpg,blast
202664.jpg,blast
202665.jpg,blast
202666.jpg,blast
202667.jpg,blast
202668.jpg,blast
202669.jpg,blast
202670.jpg,blast
202671.jpg,blast
202672.jpg,blast
202673.jpg,blast
202674.jpg,blast
202675.jpg,blast
202676.jpg,blast
202677.jpg,blast
202678.jpg,blast
202679.jpg,blast
202680.jpg,blast
202681.jpg,blast
202682.jpg,blast
202683.jpg,blast
202684.jpg,blast
202685.jpg,blast
202686.jpg,blast
202687.jpg,blast
202688.jpg,blast
202689.jpg,blast
202690.jpg,blast
202691.jpg,blast
202692.jpg,blast
202693.jpg,blast
202694.jpg,blast
202695.jpg,blast
202696.jpg,blast
202697.jpg,blast
202698.jpg,blast
202699.jpg,blast
202700.jpg,blast
202701.jpg,blast
202702.jpg,blast
202703.jpg,blast
202704.jpg,blast
202705.jpg,blast
202706.jpg,blast
202707.jpg,blast
202708.jpg,blast
202709.jpg,blast
202710.jpg,blast
202711.jpg,blast
202712.jpg,blast
202713.jpg,blast
202714.jpg,blast
202715.jpg,blast
202716.jpg,blast
202717.jpg,blast
202718.jpg,blast
202719.jpg,blast
202720.jpg,blast
202721.jpg,blast
202722.jpg,blast
202723.jpg,blast
202724.jpg,blast
202725.jpg,blast
202726.jpg,blast
202727.jpg,blast
202728.jpg,blast
202729.jpg,blast
202730.jpg,blast
202731.jpg,blast
202732.jpg,blast
202733.jpg,blast
202734.jpg,blast
202735.jpg,blast
202736.jpg,blast
202737.jpg,blast
202738.jpg,blast
202739.jpg,blast
202740.jpg,blast
202741.jpg,blast
202742.jpg,blast
202743.jpg,blast
202744.jpg,blast
202745.jpg,blast
202746.jpg,blast
202747.jpg,blast
202748.jpg,blast
202749.jpg,blast
202750.jpg,blast
202751.jpg,blast
202752.jpg,blast
202753.jpg,blast
202754.jpg,blast
202755.jpg,blast
202756.jpg,blast
202757.jpg,blast
202758.jpg,blast
202759.jpg,blast
202760.jpg,blast
202761.jpg,blast
202762.jpg,blast
202763.jpg,blast
202764.jpg,blast
202765.jpg,blast
202766.jpg,blast
202767.jpg,blast
202768.jpg,blast
202769.jpg,blast
202770.jpg,blast
202771.jpg,blast
202772.jpg,blast
202773.jpg,blast
202774.jpg,blast
202775.jpg,blast
202776.jpg,blast
202777.jpg,blast
202778.jpg,blast
202779.jpg,blast
202780.jpg,blast
202781.jpg,blast
202782.jpg,blast
202783.jpg,blast
202784.jpg,blast
202785.jpg,blast
202786.jpg,blast
202787.jpg,blast
202788.jpg,blast
202789.jpg,blast
202790.jpg,blast
202791.jpg,blast
202792.jpg,blast
202793.jpg,blast
202794.jpg,blast
202795.jpg,blast
202796.jpg,blast
202797.jpg,blast
202798.jpg,blast
202799.jpg,blast
202800.jpg,blast
202801.jpg,blast
202802.jpg,blast
202803.jpg,blast
202804.jpg,blast
202805.jpg,blast
202806.jpg,blast
202807.jpg,blast
202808.jpg,blast
202809.jpg,blast
202810.jpg,blast
202811.jpg,blast
202812.jpg,blast
202813.jpg,blast
202814.jpg,blast
202815.jpg,blast
202816.jpg,blast
202817.jpg,blast
202818.jpg,blast
202819.jpg,blast
202820.jpg,blast
202821.jpg,blast
202822.jpg,blast
202823.jpg,blast
202824.jpg,blast
202825.jpg,blast
202826.jpg,blast
202827.jpg,blast
202828.jpg,blast
202829.jpg,blast
202830.jpg,blast
202831.jpg,blast
202832.jpg,blast
202833.jpg,blast
202834.jpg,blast
202835.jpg,blast
202836.jpg,blast
202837.jpg,blast
202838.jpg,blast
202839.jpg,blast
202840.jpg,blast
202841.jpg,blast
202842.jpg,blast
202843.jpg,blast
202844.jpg,blast
202845.jpg,blast
202846.jpg,blast
202847.jpg,blast
202848.jpg,blast
202849.jpg,blast
202850.jpg,blast
202851.jpg,blast
202852.jpg,blast
202853.jpg,blast
202854.jpg,blast
202855.jpg,blast
202856.jpg,blast
202857.jpg,blast
202858.jpg,blast
202859.jpg,blast
202860.jpg,blast
202861.jpg,blast
202862.jpg,blast
202863.jpg,blast
202864.jpg,blast
202865.jpg,blast
202866.jpg,blast
202867.jpg,blast
202868.jpg,blast
202869.jpg,blast
202870.jpg,blast
202871.jpg,blast
202872.jpg,blast
202873.jpg,blast
202874.jpg,blast
202875.jpg,blast
202876.jpg,blast
202877.jpg,blast
202878.jpg,blast
202879.jpg,blast
202880.jpg,blast
202881.jpg,blast
202882.jpg,blast
202883.jpg,blast
202884.jpg,blast
202885.jpg,blast
202886.jpg,blast
202887.jpg,blast
202888.jpg,blast
202889.jpg,blast
202890.jpg,blast
202891.jpg,blast
202892.jpg,blast
202893.jpg,blast
202894.jpg,blast
202895.jpg,blast
202896.jpg,blast
202897.jpg,blast
202898.jpg,blast
202899.jpg,blast
202900.jpg,blast
202901.jpg,blast
202902.jpg,blast
202903.jpg,blast
202904.jpg,blast
202905.jpg,blast
202906.jpg,blast
202907.jpg,blast
202908.jpg,blast
202909.jpg,blast
202910.jpg,blast
202911.jpg,blast
202912.jpg,blast
202913.jpg,blast
202914.jpg,blast
202915.jpg,blast
202916.jpg,blast
202917.jpg,blast
202918.jpg,blast
202919.jpg,blast
202920.jpg,blast
202921.jpg,blast
202922.jpg,blast
202923.jpg,blast
202924.jpg,blast
202925.jpg,blast
202926.jpg,blast
202927.jpg,blast
202928.jpg,blast
202929.jpg,blast
202930.jpg,blast
202931.jpg,blast
202932.jpg,blast
202933.jpg,blast
202934.jpg,blast
202935.jpg,blast
202936.jpg,blast
202937.jpg,blast
202938.jpg,blast
202939.jpg,blast
202940.jpg,blast
202941.jpg,blast
202942.jpg,blast
202943.jpg,blast
202944.jpg,blast
202945.jpg,blast
202946.jpg,blast
202947.jpg,blast
202948.jpg,blast
202949.jpg,blast
202950.jpg,blast
202951.jpg,blast
202952.jpg,blast
202953.jpg,blast
202954.jpg,blast
202955.jpg,blast
202956.jpg,blast
202957.jpg,blast
202958.jpg,blast
202959.jpg,blast
202960.jpg,blast
202961.jpg,blast
202962.jpg,blast
202963.jpg,blast
202964.jpg,blast
202965.jpg,blast
202966.jpg,blast
202967.jpg,blast
202968.jpg,blast
202969.jpg,blast
202970.jpg,blast
202971.jpg,blast
202972.jpg,blast
202973.jpg,blast
202974.jpg,blast
202975.jpg,blast
202976.jpg,blast
202977.jpg,blast
202978.jpg,blast
202979.jpg,blast
202980.jpg,blast
202981.jpg,blast
202982.jpg,blast
202983.jpg,blast
202984.jpg,blast
202985.jpg,blast
202986.jpg,blast
202987.jpg,blast
202988.jpg,blast
202989.jpg,blast
202990.jpg,blast
202991.jpg,blast
202992.jpg,blast
202993.jpg,blast
202994.jpg,blast
202995.jpg,blast
202996.jpg,blast
202997.jpg,blast
202998.jpg,blast
202999.jpg,blast
203000.jpg,blast
203001.jpg,blast
203002.jpg,blast
203003.jpg,blast
203004.jpg,blast
203005.jpg,blast
203006.jpg,blast
203007.jpg,blast
203008.jpg,blast
203009.jpg,blast
203010.jpg,blast
203011.jpg,blast
203012.jpg,blast
203013.jpg,blast
203014.jpg,blast
203015.jpg,blast
203016.jpg,blast
203017.jpg,blast
203018.jpg,blast
203019.jpg,blast
203020.jpg,blast
203021.jpg,blast
203022.jpg,blast
203023.jpg,blast
203024.jpg,blast
203025.jpg,blast
203026.jpg,blast
203027.jpg,blast
203028.jpg,blast
203029.jpg,blast
203030.jpg,blast
203031.jpg,blast
203032.jpg,blast
203033.jpg,blast
203034.jpg,blast
203035.jpg,blast
203036.jpg,blast
203037.jpg,blast
203038.jpg,blast
203039.jpg,blast
203040.jpg,blast
203041.jpg,blast
203042.jpg,blast
203043.jpg,blast
203044.jpg,blast
203045.jpg,blast
203046.jpg,blast
203047.jpg,blast
203048.jpg,blast
203049.jpg,blast
203050.jpg,blast
203051.jpg,blast
203052.jpg,blast
203053.jpg,blast
203054.jpg,blast
203055.jpg,blast
203056.jpg,blast
203057.jpg,blast
203058.jpg,blast
203059.jpg,blast
203060.jpg,blast
203061.jpg,blast
203062.jpg,blast
203063.jpg,blast
203064.jpg,blast
203065.jpg,blast
203066.jpg,blast
203067.jpg,blast
203068.jpg,blast
203069.jpg,blast
203070.jpg,blast
203071.jpg,blast
203072.jpg,blast
203073.jpg,blast
203074.jpg,blast
203075.jpg,blast
203076.jpg,blast
203077.jpg,blast
203078.jpg,blast
203079.jpg,blast
203080.jpg,blast
203081.jpg,blast
203082.jpg,blast
203083.jpg,blast
203084.jpg,blast
203085.jpg,blast
203086.jpg,blast
203087.jpg,blast
203088.jpg,blast
203089.jpg,blast
203090.jpg,blast
203091.jpg,blast
203092.jpg,blast
203093.jpg,blast
203094.jpg,blast
203095.jpg,blast
203096.jpg,blast
203097.jpg,blast
203098.jpg,blast
203099.jpg,blast
203100.jpg,blast
203101.jpg,blast
203102.jpg,blast
203103.jpg,blast
203104.jpg,blast
203105.jpg,blast
203106.jpg,blast
203107.jpg,blast
203108.jpg,blast
203109.jpg,blast
203110.jpg,blast
203111.jpg,blast
203112.jpg,blast
203113.jpg,blast
203114.jpg,blast
203115.jpg,blast
203116.jpg,blast
203117.jpg,blast
203118.jpg,blast
203119.jpg,blast
203120.jpg,blast
203121.jpg,blast
203122.jpg,blast
203123.jpg,blast
203124.jpg,blast
203125.jpg,blast
203126.jpg,blast
203127.jpg,blast
203128.jpg,blast
203129.jpg,blast
203130.jpg,blast
203131.jpg,blast
203132.jpg,blast
203133.jpg,blast
203134.jpg,blast
203135.jpg,blast
203136.jpg,blast
203137.jpg,blast
203138.jpg,blast
203139.jpg,blast
203140.jpg,blast
203141.jpg,blast
203142.jpg,blast
203143.jpg,blast
203144.jpg,blast
203145.jpg,blast
203146.jpg,blast
203147.jpg,blast
203148.jpg,blast
203149.jpg,blast
203150.jpg,blast
203151.jpg,blast
203152.jpg,blast
203153.jpg,blast
203154.jpg,blast
203155.jpg,blast
203156.jpg,blast
203157.jpg,blast
203158.jpg,blast
203159.jpg,blast
203160.jpg,blast
203161.jpg,blast
203162.jpg,blast
203163.jpg,blast
203164.jpg,blast
203165.jpg,blast
203166.jpg,blast
203167.jpg,blast
203168.jpg,blast
203169.jpg,blast
203170.jpg,blast
203171.jpg,blast
203172.jpg,blast
203173.jpg,blast
203174.jpg,blast
203175.jpg,blast
203176.jpg,blast
203177.jpg,blast
203178.jpg,blast
203179.jpg,blast
203180.jpg,blast
203181.jpg,blast
203182.jpg,blast
203183.jpg,blast
203184.jpg,blast
203185.jpg,blast
203186.jpg,blast
203187.jpg,blast
203188.jpg,blast
203189.jpg,blast
203190.jpg,blast
203191.jpg,blast
203192.jpg,blast
203193.jpg,blast
203194.jpg,blast
203195.jpg,blast
203196.jpg,blast
203197.jpg,blast
203198.jpg,blast
203199.jpg,blast
203200.jpg,blast
203201.jpg,blast
203202.jpg,blast
203203.jpg,blast
203204.jpg,blast
203205.jpg,blast
203206.jpg,blast
203207.jpg,blast
203208.jpg,blast
203209.jpg,blast
203210.jpg,blast
203211.jpg,blast
203212.jpg,blast
203213.jpg,blast
203214.jpg,blast
203215.jpg,blast
203216.jpg,blast
203217.jpg,blast
203218.jpg,blast
203219.jpg,blast
203220.jpg,blast
203221.jpg,blast
203222.jpg,blast
203223.jpg,blast
203224.jpg,blast
203225.jpg,blast
203226.jpg,blast
203227.jpg,blast
203228.jpg,blast
203229.jpg,blast
203230.jpg,blast
203231.jpg,blast
203232.jpg,blast
203233.jpg,blast
203234.jpg,blast
203235.jpg,blast
203236.jpg,blast
203237.jpg,blast
203238.jpg,blast
203239.jpg,blast
203240.jpg,blast
203241.jpg,blast
203242.jpg,blast
203243.jpg,blast
203244.jpg,blast
203245.jpg,blast
203246.jpg,blast
203247.jpg,blast
203248.jpg,blast
203249.jpg,blast
203250.jpg,blast
203251.jpg,blast
203252.jpg,blast
203253.jpg,blast
203254.jpg,blast
203255.jpg,blast
203256.jpg,blast
203257.jpg,blast
203258.jpg,blast
203259.jpg,blast
203260.jpg,blast
203261.jpg,blast
203262.jpg,blast
203263.jpg,blast
203264.jpg,blast
203265.jpg,blast
203266.jpg,blast
203267.jpg,blast
203268.jpg,blast
203269.jpg,blast
203270.jpg,blast
203271.jpg,blast
203272.jpg,blast
203273.jpg,blast
203274.jpg,blast
203275.jpg,blast
203276.jpg,blast
203277.jpg,blast
203278.jpg,blast
203279.jpg,blast
203280.jpg,blast
203281.jpg,blast
203282.jpg,blast
203283.jpg,blast
203284.jpg,blast
203285.jpg,blast
203286.jpg,blast
203287.jpg,blast
203288.jpg,blast
203289.jpg,blast
203290.jpg,blast
203291.jpg,blast
203292.jpg,blast
203293.jpg,blast
203294.jpg,blast
203295.jpg,blast
203296.jpg,blast
203297.jpg,blast
203298.jpg,blast
203299.jpg,blast
203300.jpg,blast
203301.jpg,blast
203302.jpg,blast
203303.jpg,blast
203304.jpg,blast
203305.jpg,blast
203306.jpg,blast
203307.jpg,blast
203308.jpg,blast
203309.jpg,blast
203310.jpg,blast
203311.jpg,blast
203312.jpg,blast
203313.jpg,blast
203314.jpg,blast
203315.jpg,blast
203316.jpg,blast
203317.jpg,blast
203318.jpg,blast
203319.jpg,blast
203320.jpg,blast
203321.jpg,blast
203322.jpg,blast
203323.jpg,blast
203324.jpg,blast
203325.jpg,blast
203326.jpg,blast
203327.jpg,blast
203328.jpg,blast
203329.jpg,blast
203330.jpg,blast
203331.jpg,blast
203332.jpg,blast
203333.jpg,blast
203334.jpg,blast
203335.jpg,blast
203336.jpg,blast
203337.jpg,blast
203338.jpg,blast
203339.jpg,blast
203340.jpg,blast
203341.jpg,blast
203342.jpg,blast
203343.jpg,blast
203344.jpg,blast
203345.jpg,blast
203346.jpg,blast
203347.jpg,blast
203348.jpg,blast
203349.jpg,blast
203350.jpg,blast
203351.jpg,blast
203352.jpg,blast
203353.jpg,blast
203354.jpg,blast
203355.jpg,blast
203356.jpg,blast
203357.jpg,blast
203358.jpg,blast
203359.jpg,blast
203360.jpg,blast
203361.jpg,blast
203362.jpg,blast
203363.jpg,blast
203364.jpg,blast
203365.jpg,blast
203366.jpg,blast
203367.jpg,blast
203368.jpg,blast
203369.jpg,blast
203370.jpg,blast
203371.jpg,blast
203372.jpg,blast
203373.jpg,blast
203374.jpg,blast
203375.jpg,blast
203376.jpg,blast
203377.jpg,blast
203378.jpg,blast
203379.jpg,blast
203380.jpg,blast
203381.jpg,blast
203382.jpg,blast
203383.jpg,blast
203384.jpg,blast
203385.jpg,blast
203386.jpg,blast
203387.jpg,blast
203388.jpg,blast
203389.jpg,blast
203390.jpg,blast
203391.jpg,blast
203392.jpg,blast
203393.jpg,blast
203394.jpg,blast
203395.jpg,blast
203396.jpg,blast
203397.jpg,blast
203398.jpg,blast
203399.jpg,blast
203400.jpg,blast
203401.jpg,blast
203402.jpg,blast
203403.jpg,blast
203404.jpg,blast
203405.jpg,blast
203406.jpg,blast
203407.jpg,blast
203408.jpg,blast
203409.jpg,blast
203410.jpg,blast
203411.jpg,blast
203412.jpg,blast
203413.jpg,blast
203414.jpg,blast
203415.jpg,blast
203416.jpg,blast
203417.jpg,blast
203418.jpg,blast
203419.jpg,blast
203420.jpg,blast
203421.jpg,blast
203422.jpg,blast
203423.jpg,blast
203424.jpg,blast
203425.jpg,blast
203426.jpg,blast
203427.jpg,blast
203428.jpg,blast
203429.jpg,blast
203430.jpg,blast
203431.jpg,blast
203432.jpg,blast
203433.jpg,blast
203434.jpg,blast
203435.jpg,blast
203436.jpg,blast
203437.jpg,blast
203438.jpg,blast
203439.jpg,blast
203440.jpg,blast
203441.jpg,blast
203442.jpg,blast
203443.jpg,blast
203444.jpg,blast
203445.jpg,blast
203446.jpg,blast
203447.jpg,blast
203448.jpg,blast
203449.jpg,blast
203450.jpg,blast
203451.jpg,blast
203452.jpg,blast
203453.jpg,blast
203454.jpg,blast
203455.jpg,blast
203456.jpg,blast
203457.jpg,blast
203458.jpg,blast
203459.jpg,blast
203460.jpg,blast
203461.jpg,blast
203462.jpg,blast
203463.jpg,blast
203464.jpg,blast
203465.jpg,blast
203466.jpg,blast
203467.jpg,blast
203468.jpg,blast
203469.jpg,blast
